model,accuracy,precision,recall,f1_score,roc_auc,log_loss
Logistic Regression,0.9985046728971962,0.9984732824427481,0.9984732824427481,0.9984732824427481,0.9999250622151385,0.02229766470126356
Random Forest,1.0,1.0,1.0,1.0,1.0,0.06824307528737414
