model,accuracy,precision,recall,f1_score,roc_auc,log_loss
Logistic Regression,0.9966542750929368,0.9961715160796325,0.9969348659003832,0.9965530448104175,0.9999856148941173,0.02670962085290675
Random Forest,1.0,1.0,1.0,1.0,1.0,0.07570958532872997
XGBoost,1.0,1.0,1.0,1.0,1.0,0.0002428831287747082
